keys,en,es,fr,de,pt,ru,zh,ja,ar,hi
"Windowed","Windowed","Ventana normal (windowed)","Fenêtré","Fenster","Janela","Оконный","窗口模式","ウィンドウ表示","نافذة","विंडो मोड"
"Fullscreen","Fullscreen","Pantalla completa (fullscreen)","Plein écran","Vollbild","Tela cheia","Полноэкранный","全屏","全画面","ملء الشاشة","पूर्ण स्क्रीन"
"Borderless","Borderless","Sin bordes (borderless windowed / fullscreen windowed)","Sans bordures","Randlos","Sem bordas","Без рамки","无边框","フチなし","بلا حدود","बिना बॉर्डर"
"Maximize on Start","Maximize on Start","Maximizar al iniciar","Agrandir au démarrage","Beim Start maximieren","Maximizar ao iniciar","Развернуть при запуске","启动时最大化","起動時に最大化","تكبير عند البدء","शुरू पर अधिकतम करें"
"Resolution / Window Size","Resolution / Window Size","Resolución / Tamaño de ventana","Résolution / Taille","Auflösung / Fenstergröße","Resolução / Tamanho","Разрешение / Размер окна","分辨率 / 窗口大小","解像度 / ウィンドウサイズ","الدقة / حجم النافذة","रिज़ॉल्यूशन / विंडो आकार"
"Windows & Rulers","Windows & Rulers","windws y regla","Fenêtres et règles","Fenster & Lineale","Janelas e réguas","Окна и линейки","窗口与标尺","ウィンドウとルーラー","النوافذ والمساطر","विंडो और रूलर"
"Windows","Windows","windows","Fenêtres","Fenster","Janelas","Окна","窗口","ウィンドウ","نوافذ","विंडो"
"Rulers","Rulers","reglas","Règles","Lineale","Réguas","Линейки","标尺","ルーラー","مساطر","रूलर"
"Enabled","Enabled","acivado","Activé","Aktiviert","Ativado","Включено","已启用","有効","مفعل","सक्षम"
"Preview","Preview","Vista previa","Aperçu","Vorschau","Visualização","Предпросмотр","预览","プレビュー","معاينة","पूर्वावलोकन"
"Keyboard","Keyboard","keyboard","Clavier","Tastatur","Teclado","Клавиатура","键盘","キーボード","لوحة المفاتيح","कीबोर्ड"
"Key Name","Key Name","name keyboard","Nom de touche","Tastenname","Nome da tecla","Название клавиши","按键名称","キー名","اسم المفتاح","कुंजी नाम"
"Keyboard Icon","Keyboard Icon","Icono teclado","Icône clavier","Tastatursymbol","Ícone do teclado","Иконка клавиатуры","键盘图标","キーボードアイコン","أيقونة لوحة المفاتيح","कीबोर्ड आइकन"
"Mouse Icon","Mouse Icon","Icono raton","Icône souris","Maussymbol","Ícone do mouse","Иконка мыши","鼠标图标","マウスアイコン","أيقونة الفأर","माउस आइकन"
"New Title","New Title","Título Nuevo","Nouveau titre","Neuer Titel","Novo título","Новый заголовок","新标题","新しいタイトル","عنوان جديد","नया शीर्षक"
"Empty paragraph text.","Empty paragraph text.","Texto de párrafo vacío.","Texte de paragraphe vide.","Leerer Absatztext.","Texto de parágrafo vazio.","Пустой текст абзаца.","空段落文本。","空の段落テキスト。","نص فقرة فارغ।","खाली पैराग्राफ टेक्स्ट।"
"Unnamed Layer","Unnamed Layer","Capa sin nombre","Calque sans nom","Unbenannte Ebene","Camada sem nome","Слой без имени","未命名图层","名前のないレイヤー","طبقة بدون اسم","बिना नाम की परत"
"Node Info","Node Info","Información del nodo","Info nœud","Knoteninfo","Informação do nó","Информация об узле","节点信息","ノード情報","معلومات العقدة","नोड जानकारी"
"Copy","Copy","Copiar","Copier","Kopieren","Copiar","Копировать","复制","コピー","نسخ","कॉपी करें"
"Paste","Paste","Pegar","Coller","Einfügen","Colar","Вставить","粘贴","ペースト","لصق","पेस्ट करें"
"Rectangle","Rectangle","Rectangulo_Vectorial","Rectangle","Rechteck","Retângulo","Прямоугольник","矩形","長方形","مستطيل","आयत"
"Circle","Circle","Circulo_Vectorial","Cercle","Kreis","Círculo","Круг","圆形","円","دائرة","वृत्त"
"Stroke Outline","Stroke Outline","Contorno_Stroke","Contour","Strichkontur","Contorno","Контур обводки","描边轮廓","ストロークアウトライン","مخطط الحد","स्ट्रोक आउटलाइन"
"Artboard","Artboard","Artboard","Planche","Zeichenfläche","Mesa de trabalho","Монтажная область","画板","アートボード","لوح الرسم","आर्टबोर्ड"
"Search layer...","Search layer...","Buscar capa...","Chercher calque...","Ebene suchen...","Buscar camada...","Поиск слоя...","搜索图层...","レイヤーを検索...","بحث عن طبقة...","परत खोजें..."
"HEX","HEX","HEX","HEX","HEX","HEX","HEX","十六进制","HEX","HEX","HEX"
"Palette Count","Palette Count","numero palette","Nb palette","Palettenanzahl","Contagem da paleta","Количество палитры","调色板数量","パレット数","عدد اللوحة","पैलेट संख्या"
"Layer Configuration","Layer Configuration","Configuracion de Capas","Configuration des calques","Ebenenkonfiguration","Configuração de camadas","Настройка слоев","图层配置","レイヤー設定","تكوين الطبقات","परत कॉन्फ़िगरेशन"
"Panel","Panel","Panel","Panneau","Bedienfeld","Painel","Панель","面板","パネル","لوحة","पैनल"
"Text","Text","Texto","Texte","Text","Texto","Текст","文本","テキスト","نص","टेक्स्ट"
"Icon","Icon","Icono","Icône","Symbol","Ícone","Иконка","图标","アイコン","أيقونة","आइकन"
"BG Color","BG Color","Color BG","Couleur fond","Hintergrundfarbe","Cor de fundo","Цвет фона","背景色","背景色","لون الخلفية","पृष्ठभूमि रंग"
"Text Color","Text Color","Color text","Couleur texte","Textfarbe","Cor do texto","Цвет текста","文字颜色","テキスト色","لون النص","टेक्स्ट रंग"
"Text Size","Text Size","Text size","Taille texte","Textgröße","Tamanho do texto","Размер текста","文字大小","テキストサイズ","حجم النص","टेक्स्ट आकार"
"Panel Opacity","Panel Opacity","Opacidad del panel","Opacité panneau","Bedienfelddeckkraft","Opacidade do painel","Прозрачность панели","面板不透明度","パネル不透明度","عتامة اللوحة","पैनल अपारदर्शिता"
"Icon Color","Icon Color","Color de iconos","Couleur icônes","Symbolfarbe","Cor dos ícones","Цвет иконок","图标颜色","アイコン色","لون الأيقونات","आइकन रंग"
"Icon Size","Icon Size","Tamaño de iconos","Taille icônes","Symbolgröße","Tamanho dos ícones","Размер иконок","图标大小","アイコンサイズ","حجم الأيقونات","आइकन आकार"
"Dark","Dark","Oscuro","Sombre","Dunkel","Escuro","Тёмный","深色","ダーク","داكن","गहरा"
"Light","Light","Claro","Clair","Hell","Claro","Светлый","浅色","ライト","فاتح","हल्का"
"Language","Language","Idioma","Langue","Sprache","Idioma","Язык","语言","言語","اللغة","भाषा"
"Theme Colors","Theme Colors","Colores del Tema","Couleurs du thème","Designfarben","Cores do tema","Цвета темы","主题颜色","テーマカラー","ألوان السمة","थीम रंग"
"Reset All","Reset All","Restablecer Todo","Tout réinitialiser","Alles zurücksetzen","Redefinir tudo","Сбросить всё","重置全部","すべてリセット","إعادة تعيين الكل","सब रीसेट करें"
"Reset","Reset","Restablecer","Réinitialiser","Zurücksetzen","Redefinir","Сбросить","重置","リセット","إعادة تعيين","रीसेट करें"
"Panel Bg","Panel Bg","Fondo Panel","Fond panneau","Bedienfeld-HG","Fundo do painel","Фон панели","面板背景","パネル背景","خلفية اللوحة","पैनल पृष्ठभूमि"
"Panel Surface","Panel Surface","Superficie Panel","Surface panneau","Bedienfeld-Oberfläche","Superfície do painel","Поверхность панели","面板表面","パネル表面","سطح اللوحة","पैनल सतह"
"Panel Text","Panel Text","Texto Panel","Texte panneau","Bedienfeld-Text","Texto do painel","Текст панели","面板文字","パネルテキスト","نص اللوحة","पैनल टेक्स्ट"
"Accent","Accent","Acento","Accent","Akzent","Acento","Акцент","强调色","アクセント","لون مميز","एक्सेंट"
"Button Bg","Button Bg","Fondo Botón","Fond bouton","Button-HG","Fundo do botão","Фон кнопки","按钮背景","ボタン背景","خلفية الزر","बटन पृष्ठभूमि"
"Button Hover","Button Hover","Botón Hover","Survol bouton","Button-Hover","Botão pairar","Наведение кнопки","按钮悬停","बटन होवर","تحويم الزر","बटन होवर"
"Button Pressed","Button Pressed","Botón Presionado","Bouton pressé","Button gedrückt","Botão pressionado","Нажатие кнопки","按钮按下","ボタン押下","الزر مضغوط","बटन दबाया"
"Button Text","Button Text","Texto Botón","Texte bouton","Button-Text","Texto do botão","Текст кнопки","按钮文字","ボタンテキスト","نص الزر","बटन टेक्स्ट"
"Toolbar Bg","Toolbar Bg","Fondo Barra","Fond barre","Symbolleisten-HG","Fundo da barra","Фон панели инструментов","工具栏背景","ツールバー背景","خلفية شريط الأدوات","टूलबार पृष्ठभूमि"
"Ruler Bg","Ruler Bg","Fondo Regla","Fond règle","Lineal-HG","Fundo da régua","Фон линейки","标尺背景","ルーラー背景","خلفية المسطرة","रूलर पृष्ठभूमि"
"Canvas Bg","Canvas Bg","Fondo Lienzo","Fond toile","Leinwand-HG","Fundo da tela","Фон холста","画布背景","キャンバス背景","خلفية اللوحة","कैनवस पृष्ठभूमि"
"Artboard Bg","Artboard Bg","Fondo Mesa","Fond planche","Zeichenflächen-HG","Fundo da mesa","Фон монтажной области","画板背景","アートボード背景","خلفية لوح الرسم","आर्टबोर्ड पृष्ठभूमि"
"Input Bg","Input Bg","Fondo Input","Fond saisie","Eingabe-HG","Fundo de entrada","Фон ввода","输入背景","入力背景","خلفية الإدخال","इनपुट पृष्ठभूमि"
"Input Border","Input Border","Borde Input","Bordure saisie","Eingaberand","Borda de entrada","Граница ввода","输入边框","入力枠線","حدود الإدخال","इनपुट बॉर्डर"
"Scrollbar Bg","Scrollbar Bg","Fondo Scroll","Fond défilement","Bildlauf-HG","Fundo da barra de rolagem","Фон полосы прокрутки","滚动条背景","スクロールバー背景","خلفية شريط التمرير","स्क्रॉलबार पृष्ठभूमि"
"Scrollbar Grab","Scrollbar Grab","Asidero Scroll","Poignée défilement","Bildlaufgriff","Alça de rolagem","Ползунок прокрутки","滚动条滑块","スクロールバーつまみ","مقبض التمرير","स्क्रॉलबार ग्रैब"
"Snapping","Snapping","Snapping","Accrochage","Fangen","Snap","Привязка","吸附","スナップ","التقاط","स्नैपिंग"
"Grid Snap","Grid Snap","Grid Snap","Grille","Rasterfang","Grade","Сетка","网格对齐","グリッドスナップ","التقاط الشبكة","ग्रिड स्नैप"
"Grid Size","Grid Size","Grid Size","Taille grille","Rastergröße","Tamanho da grade","Размер сетки","网格大小","グリッドサイズ","حجم الشبكة","ग्रिड आकार"
"Search actions...","Search actions...","Search actions...","Chercher actions...","Aktionen suchen...","Buscar ações...","Поиск действий...","搜索操作...","アクションを検索...","بحث عن إجراءات...","क्रियाएँ खोजें..."
"Theme","Theme","tema","Thème","Design","Tema","Тема","主题","テーマ","السمة","थीम"
"Snap","Snap","snap","Snap","Snap","Snap","Привязка","吸附","スナップ","Snap","Snap"
"Duplicate","Duplicate","Duplicate","Dupliquer","Duplizieren","Duplicar","Дублировать","复制","複製","تكرار","डुप्लिकेट"
"Remove","Remove","Remove","Supprimer","Entfernen","Remover","Удалить","删除","削除","إزالة","हटाएँ"
"Rename","Rename","Rename","Renommer","Umbenennen","Renomear","Переименовать","重命名","名前変更","إعادة تسمية","नाम बदलें"
"Position","Position","Posición","Position","Position","Posição","Позиция","位置","位置","الموضع","स्थिति"
"Size","Size","Tamaño","Taille","Größe","Tamanho","Размер","大小","サイズ","الحجم","आकार"
"Rotation","Rotation","Rotación","Rotation","Drehung","Rotação","Поворот","旋转","回転","دوران","रोटेशन"
"Color Palette","Color Palette","Color de palette","Palette de couleurs","Farbpalette","Paleta de cores","Палитра цветов","调色板","カラーパレット","لوحة الألوان","रंग पैलेट"
"Color:","Color:","Color:","Couleur:","Farbe:","Cor:","Цвет:","颜色:","色:","اللون:","रंग:"
"Press a key...","Press a key...","Press a key...","Appuyez sur une touche...","Taste drücken...","Pressione uma tecla...","Нажмите клавишу...","按下一个键...","キーを押してください...","اضغط على مفتاح...","एक कुंजी दबाएं..."
"Settings","Settings","Configuración","Paramètres","Einstellungen","Configurações","Настройки","设置","設定","الإعدادات","सेटिंग्स"
"Window","Window","Ventana","Fenêtre","Fenster","Janela","Окно","窗口","ウィンドウ","نافذة","विंडो"
"Window Mode","Window Mode","Modo ventana","Mode fenêtre","Fenstermodus","Modo de janela","Режим окна","窗口模式","ウィンドウモード","وضع النافذة","विंडो मोड"
"Interface Scale","Interface Scale","Escala de interfaz","Échelle d'interface","Oberflächenmaßstab","Escala da interface","Масштаб интерфейса","界面比例","インターフェーススケール","مقياس الواجهة","इंटरफ़ेस स्केल"
"Use Desktop Resolution","Use Desktop Resolution","Usar resolución del escritorio","Utiliser la résolution du bureau","Desktop-Auflösung verwenden","Usar resolução da área de trabalho","Использовать разрешение рабочего стола","使用桌面分辨率","デスクトップ解像度を使用","استخدام دقة سطح المكتب","डेस्कटॉप रिज़ॉल्यूशन का उपयोग करें"
"Custom Resolution","Custom Resolution","Resolución personalizada","Résolution personnalisée","Benutzerdefinierte Auflösung","Resolução personalizada","Пользовательское разрешение","自定义分辨率","カスタム解像度","دقة مخصصة","कस्टम रिज़ॉल्यूशन"
"Width × Height","Width × Height","Ancho × Alto","Largeur × Hauteur","Breite × Höhe","Largura × Altura","Ширина × Высота","宽 × 高","幅 × 高さ","العرض × الارتفاع","चौड़ाई × ऊंचाई"
"Horizontal Ruler","Horizontal Ruler","Regla horizontal","Règle horizontale","Horizontales Lineal","Régua horizontal","Горизонтальная линейка","水平标尺","水平ルーラー","مسطرة أفقية","क्षैतिज रूलर"
"Vertical Ruler","Vertical Ruler","Regla vertical","Règle verticale","Vertikales Lineal","Régua vertical","Вертикальная линейка","垂直标尺","垂直ルーラー","مسطرة رأسية","लंबवत रूलर"
"Show Guides","Show Guides","Mostrar guías","Afficher les guides","Führungen anzeigen","Mostrar guias","Показать направляющие","显示参考线","ガイドを表示","إظهار الأدلة","गाइड दिखाएं"
"Snap to Guides","Snap to Guides","Ajustar a guías","Aligner sur les guides","An Führungen ausrichten","Ajustar às guias","Привязать к направляющим","对齐到参考线","ガイドにスナップ","محاذاة للأدلة","गाइड पर स्नैप करें"
"Drawing","Drawing","Dibujo","Dessin","Zeichnung","Desenho","Рисование","绘图","描画","رسم","ड्राइंग"
"Fill Color","Fill Color","Color relleno","Couleur de remplissage","Füllfarbe","Cor de preenchimento","Цвет заливки","填充颜色","塗りつぶし色","لون التعبئة","भरने का रंग"
"Stroke Color","Stroke Color","Color trazo","Couleur du trait","Strichfarbe","Cor do traço","Цвет обводки","描边颜色","ストローク色","لون الحد","स्ट्रोक रंग"
"Apply to Selection","Apply to Selection","Aplicar a selección","Appliquer à la sélection","Auf Auswahl anwenden","Aplicar à seleção","Применить к выделению","应用到选择","選択に適用","تطبيق على التحديد","चयन पर लागू करें"
"Dark / Light Mode","Dark / Light Mode","Modo oscuro / claro","Mode sombre / clair","Dunkel / Hell Modus","Modo escuro / claro","Тёмный / Светлый режим","深色/浅色模式","ダーク/ライトモード","الوضع الداكن / الفاتح","डार्क / लाइट मोड"
"UI Colors","UI Colors","Colores interfaz","Couleurs d'interface","UI-Farben","Cores da interface","Цвета интерфейса","界面颜色","UI色","ألوان الواجهة","इंटरफ़ेस रंग"
"LAYERS","LAYERS","CAPAS","CALQUES","EBENEN","CAMADAS","СЛОИ","图层","レイヤー","طبقات","परतें"
"New","New","Nuevo","Nouveau","Neu","Novo","Новый","新建","新規","جديد","नया"
"Recent","Recent","Reciente","Récent","Letzte","Recente","Недавние","最近","最近","الأخيرة","हाल के"
"Files","Files","Archivos","Fichiers","Dateien","Arquivos","Файлы","文件","ファイル","ملفات","फ़ाइलें"
"Recover","Recover","Recuperar","Récupérer","Wiederherstellen","Recuperar","Восстановить","恢复","回復","استرداد","पुनर्प्राप्त करें"
"Details","Details","Detalles","Détails","Details","Detalhes","Детали","详情","詳細","التفاصيل","विवरण"
"Quantity","Quantity","Cantidad","Quantité","Menge","Quantidade","Количество","数量","数量","الكمية","मात्रा"
"Resolution","Resolution","Resolucion","Résolution","Auflösung","Resolução","Разрешение","分辨率","解像度","الدقة","रिज़ॉल्यूशन"
"Work Table","Work Table","Mesa trabajo","Table de travail","Arbeitstisch","Mesa de trabalho","Рабочий стол","工作台","ワークテーブル","طاولة العمل","कार्य तालिका"
"Format","Format","Formato","Format","Format","Formato","Формат","格式","形式","التنسيق","प्रारूप"
"Pencils","Pencils","Penciles","Crayons","Stifte","Lápis","Карандаши","铅笔","鉛筆","أقلام رصاص","पेंसिल"
"Pencil Name","Pencil Name","Nombre pencil","Nom du crayon","Stiftname","Nome do lápis","Название карандаша","铅笔名称","鉛筆名","اسم القلم الرصاص","पेंसिल का नाम"
"Start Tip","Start Tip","Pico iniciar","Pointe de départ","Startspitze","Ponta inicial","Начальный наконечник","起始尖端","開始チップ","طرف البداية","शुरुआती टिप"
"End Cap","End Cap","Remate","Embout","Endkappe","Remate","Конечная заглушка","端盖","エンドキャップ","غطاء النهاية","एंड कैप"
"Start","Start","Inicio","Début","Start","Início","Начало","开始","開始","بداية","शुरू"
"Stroke","Stroke","Trazo","Trait","Strich","Traço","Обводка","描边","ストローク","الحد","स्ट्रोक"
"End","End","Fin","Fin","Ende","Fim","Конец","结束","終了","نهاية","अंत"
"Option","Option","Opcion","Option","Option","Opção","Опция","选项","オプション","خيار","विकल्प"
"Numeric Panel","Numeric Panel","Panel numérico","Panneau numérique","Zahlenfeld","Painel numérico","Числовая панель","数字面板","数値パネル","اللوحة الرقمية","संख्यात्मक पैनल"
"Outline","Outline","Contorno","Contour","Umriss","Contorno","Контур","轮廓","アウトライン","مخطط","रूपरेखा"
"Inner Shadow","Inner Shadow","Sombra interior","Ombre intérieure","Innerer Schatten","Sombra interna","Внутренняя тень","内阴影","内側の影","ظل داخلي","आंतरिक छाया"
"Drop Shadow","Drop Shadow","Sombra exterior","Ombre extérieure","Schlagschatten","Sombra externa","Внешняя тень","外阴影","ドロップシャドウ","ظل خارجي","बाहरी छाया"
"Color Overlay","Color Overlay","Superposicion de color","Superposition de couleur","Farbüberlagerung","Sobreposição de cor","Наложение цвета","颜色叠加","カラーオーバーレイ","تراكب اللون","रंग ओवरले"
"Gradient Overlay","Gradient Overlay","Superposicion de degradado","Superposition de dégradé","Farbverlauf-Überlagerung","Sobreposição de gradiente","Наложение градиента","渐变叠加","グラデーションオーバーレイ","تراكب التدرج","ग्रेडिएंट ओवरले"
"Inner Glow","Inner Glow","Resplendor interior","Lueur intérieure","Inneres Leuchten","Brilho interno","Внутреннее свечение","内发光","内側の輝き","توهج داخلي","आंतरिक चमक"
"Radius","Radius","Radio","Rayon","Radius","Raio","Радиус","半径","半径","نصف القطر","त्रिज्या"
"Preserve Alpha","Preserve Alpha","convervar alfa","Conserver alpha","Alpha beibehalten","Preservar alfa","Сохранять альфа","保留 Alpha","アルファを保持","الحفاظ على ألفا","अल्फा संरक्षित करें"
"Script Name","Script Name","Nombre Script","Nom du script","Skriptname","Nome do script","Имя скрипта","脚本名称","スクリプト名","اسم السكربت","स्क्रिप्ट नाम"
"Generate Vectorizer","Generate Vectorizer","Generation vectorizer","Générer vectoriseur","Vektorisierer generieren","Gerar vetorizador","Создать векторизатор","生成矢量化","ベクトライザーを生成","توليد المتجه","वेक्टराइज़र उत्पन्न करें"
"pixels","pixels","pixeles","pixels","Pixel","pixels","пиксели","像素","ピクセル","بكسل","पिक्सेल"
"Recent Files","Recent Files","Archivos recientes","","","","","","","",""
"Recovery","Recovery","Recuperación","","","","","","","",""
"Files","Files","Archivos","","","","","","","",""
"Desktop (%d)","Desktop (%d)","Escritorio (%d)","","","","","","","",""
"No documents exist","No documents exist","No existe documentos","","","","","","","",""
"Cannot open folder","Cannot open folder","No se puede abrir la carpeta","","","","","","","",""
"Search recent files...","Search recent files...","Buscar archivos recientes...","","","","","","","",""
"Search recovery files...","Search recovery files...","Buscar archivos de recuperación...","","","","","","","",""
"Search files...","Search files...","Buscar archivos...","","","","","","","",""
"Details","Details","Detalles","","","","","","","",""
"Icon","Icon","Icono","","","","","","","",""
"Save","Save","Guardar","","","","","","","",""
"Save As","Save As","Guardar como","","","","","","","",""
"Recent","Recent","Recientes","","","","","","","",""
"Recover","Recover","Recuperar","","","","","","","",""
"New","New","Nuevo","","","","","","","",""
"Press a key or mouse...","Press a key or mouse...","Pulsa una tecla o botón del ratón...","","","","","","","",""
"Reset","Reset","Restablecer","","","","","","","",""
"Search actions...","Search actions...","Buscar acciones...","","","","","","","",""
"Listening for input... (Esc cancela)","Listening for input... (Esc cancela)","Escuchando entrada... (Esc cancela)","","","","","","","",""
"Add binding","Add binding","Añadir atajo","","","","","","","",""
"Remove binding","Remove binding","Quitar atajo","","","","","","","",""
